filename,full_path,KKS,System_code,Line_number,System_code_short
TC021-INOV-2LCQ30BQ003-SU_0.0_Sikla support drawing.pdf,C:\temp\rev 0 supports\PIRS Downloaded Files 2025-08-13 12_25_47\Abu Dhabi\Att.2\TC021-INOV-2LCQ30BQ003-SU_0.0_Sikla support drawing.pdf,2LCQ30BQ003,LCQ30,2,LCQ
TC021-INOV-2LCX70BQ001-SU_0.0_Sikla support drawing.pdf,C:\temp\rev 0 supports\PIRS Downloaded Files 2025-08-13 12_25_31\Abu Dhabi\Att.2\TC021-INOV-2LCX70BQ001-SU_0.0_Sikla support drawing.pdf,2LCX70BQ001,LCX70,2,LCX
TC021-INOV-2QEC60BQ001-SU_0.0_Sikla support drawing.pdf,C:\temp\rev 0 supports\PIRS Downloaded Files 2025-08-13 12_25_31\Abu Dhabi\Att.2\TC021-INOV-2QEC60BQ001-SU_0.0_Sikla support drawing.pdf,2QEC60BQ001,QEC60,2,QEC
TC021-INOV-0QFB20BQ004-SU_0.0_Sikla support drawing.pdf,C:\temp\rev 0 supports\PIRS Downloaded Files 2025-08-13 12_27_50\Abu Dhabi\Att.2\TC021-INOV-0QFB20BQ004-SU_0.0_Sikla support drawing.pdf,0QFB20BQ004,QFB20,0,QFB
TC021-INOV-0QFC10BQ011-SU_0.0_Sikla support drawing.pdf,C:\temp\rev 0 supports\PIRS Downloaded Files 2025-08-13 12_27_43\Abu Dhabi\Att.2\TC021-INOV-0QFC10BQ011-SU_0.0_Sikla support drawing.pdf,0QFC10BQ011,QFC10,0,QFC
TC021-INOV-2HRR30BQ043-SU_0.0_Sikla support drawing.pdf,C:\temp\rev 0 supports\PIRS Downloaded Files 2025-08-13 12_26_12\Abu Dhabi\Att.2\TC021-INOV-2HRR30BQ043-SU_0.0_Sikla support drawing.pdf,2HRR30BQ043,HRR30,2,HRR
TC021-INOV-2HTE12BQ001-SU_0.0_Sikla support drawing.pdf,C:\temp\rev 0 supports\PIRS Downloaded Files 2025-08-13 12_25_47\Abu Dhabi\Att.2\TC021-INOV-2HTE12BQ001-SU_0.0_Sikla support drawing.pdf,2HTE12BQ001,HTE12,2,HTE
TC021-INOV-2HTU10BQ010-SU_0.0_Sikla support drawing.pdf,C:\temp\rev 0 supports\PIRS Downloaded Files 2025-08-13 12_25_47\Abu Dhabi\Att.2\TC021-INOV-2HTU10BQ010-SU_0.0_Sikla support drawing.pdf,2HTU10BQ010,HTU10,2,HTU
TC021-INOV-2HTX71BQ002-SU_0.0_Sikla support drawing.pdf,C:\temp\rev 0 supports\PIRS Downloaded Files 2025-08-13 12_25_47\Abu Dhabi\Att.2\TC021-INOV-2HTX71BQ002-SU_0.0_Sikla support drawing.pdf,2HTX71BQ002,HTX71,2,HTX
TC021-INOV-2LAX52BQ002-SU_0.0_Sikla support drawing.pdf,C:\temp\rev 0 supports\PIRS Downloaded Files 2025-08-13 12_25_47\Abu Dhabi\Att.2\TC021-INOV-2LAX52BQ002-SU_0.0_Sikla support drawing.pdf,2LAX52BQ002,LAX52,2,LAX
TC021-INOV-2LBX52BQ001-SU_0.0_Sikla support drawing.pdf,C:\temp\rev 0 supports\PIRS Downloaded Files 2025-08-13 12_25_47\Abu Dhabi\Att.2\TC021-INOV-2LBX52BQ001-SU_0.0_Sikla support drawing.pdf,2LBX52BQ001,LBX52,2,LBX
TC021-INOV-2LCN39BQ006-SU_0.0_Sikla support drawing.pdf,C:\temp\rev 0 supports\PIRS Downloaded Files 2025-08-13 12_25_47\Abu Dhabi\Att.2\TC021-INOV-2LCN39BQ006-SU_0.0_Sikla support drawing.pdf,2LCN39BQ006,LCN39,2,LCN
TC021-INOV-1HHX53BQ006-SU_0.0_Sikla support drawing.pdf,C:\temp\rev 0 supports\PIRS Downloaded Files 2025-08-13 12_27_25\Abu Dhabi\Att.2\TC021-INOV-1HHX53BQ006-SU_0.0_Sikla support drawing.pdf,1HHX53BQ006,HHX53,1,HHX
TC021-INOV-1HJF20BQ005-SU_0.0_Sikla support drawing.pdf,C:\temp\rev 0 supports\PIRS Downloaded Files 2025-08-13 12_27_25\Abu Dhabi\Att.2\TC021-INOV-1HJF20BQ005-SU_0.0_Sikla support drawing.pdf,1HJF20BQ005,HJF20,1,HJF
TC021-INOV-2HJG20BQ028-SU_0.0_Sikla support drawing.pdf,C:\temp\rev 0 supports\PIRS Downloaded Files 2025-08-13 12_26_12\Abu Dhabi\Att.2\TC021-INOV-2HJG20BQ028-SU_0.0_Sikla support drawing.pdf,2HJG20BQ028,HJG20,2,HJG
TC021-INOV-2HJM11BQ001-SU_0.0_Sikla support drawing.pdf,C:\temp\rev 0 supports\PIRS Downloaded Files 2025-08-13 12_26_12\Abu Dhabi\Att.2\TC021-INOV-2HJM11BQ001-SU_0.0_Sikla support drawing.pdf,2HJM11BQ001,HJM11,2,HJM
TC021-INOV-1HJX20BQ007-SU_0.0_Sikla support drawing.pdf,C:\temp\rev 0 supports\PIRS Downloaded Files 2025-08-13 12_27_25\Abu Dhabi\Att.2\TC021-INOV-1HJX20BQ007-SU_0.0_Sikla support drawing.pdf,1HJX20BQ007,HJX20,1,HJX
TC021-INOV-2HLC20BQ006-SU_0.0_Sikla support drawing.pdf,C:\temp\rev 0 supports\PIRS Downloaded Files 2025-08-13 12_26_12\Abu Dhabi\Att.2\TC021-INOV-2HLC20BQ006-SU_0.0_Sikla support drawing.pdf,2HLC20BQ006,HLC20,2,HLC
TC021-INOV-2HLX50BQ005-SU_0.0_Sikla support drawing.pdf,C:\temp\rev 0 supports\PIRS Downloaded Files 2025-08-13 12_26_12\Abu Dhabi\Att.2\TC021-INOV-2HLX50BQ005-SU_0.0_Sikla support drawing.pdf,2HLX50BQ005,HLX50,2,HLX
TC021-INOV-2HNX20BQ005-SU_0.0_Sikla support drawing.pdf,C:\temp\rev 0 supports\PIRS Downloaded Files 2025-08-13 12_26_12\Abu Dhabi\Att.2\TC021-INOV-2HNX20BQ005-SU_0.0_Sikla support drawing.pdf,2HNX20BQ005,HNX20,2,HNX
TC021-INOV-2HDA30BQ010-SU_0.0_Sikla support drawing.pdf,C:\temp\rev 0 supports\PIRS Downloaded Files 2025-08-13 12_26_24\Abu Dhabi\Att.2\TC021-INOV-2HDA30BQ010-SU_0.0_Sikla support drawing.pdf,2HDA30BQ010,HDA30,2,HDA
TC021-INOV-1HDB83BQ010-SU_0.0_Sikla support drawing.pdf,C:\temp\rev 0 supports\PIRS Downloaded Files 2025-08-13 12_27_37\Abu Dhabi\Att.2\TC021-INOV-1HDB83BQ010-SU_0.0_Sikla support drawing.pdf,1HDB83BQ010,HDB83,1,HDB
TC021-INOV-1HFA20BQ007-SU_0.0_Sikla support drawing.pdf,C:\temp\rev 0 supports\PIRS Downloaded Files 2025-08-13 12_27_37\Abu Dhabi\Att.2\TC021-INOV-1HFA20BQ007-SU_0.0_Sikla support drawing.pdf,1HFA20BQ007,HFA20,1,HFA
TC021-INOV-2HFK12BQ015-SU_0.0_Sikla support drawing.pdf,C:\temp\rev 0 supports\PIRS Downloaded Files 2025-08-13 12_26_24\Abu Dhabi\Att.2\TC021-INOV-2HFK12BQ015-SU_0.0_Sikla support drawing.pdf,2HFK12BQ015,HFK12,2,HFK
TC021-INOV-2HFX15BQ003-SU_0.0_Sikla support drawing.pdf,C:\temp\rev 0 supports\PIRS Downloaded Files 2025-08-13 12_26_24\Abu Dhabi\Att.2\TC021-INOV-2HFX15BQ003-SU_0.0_Sikla support drawing.pdf,2HFX15BQ003,HFX15,2,HFX
TC021-INOV-2HGA05BQ026-SU_0.0_Sikla support drawing.pdf,C:\temp\rev 0 supports\PIRS Downloaded Files 2025-08-13 12_26_24\Abu Dhabi\Att.2\TC021-INOV-2HGA05BQ026-SU_0.0_Sikla support drawing.pdf,2HGA05BQ026,HGA05,2,HGA
TC021-INOV-2HGC05BQ012-SU_0.0_Sikla support drawing.pdf,C:\temp\rev 0 supports\PIRS Downloaded Files 2025-08-13 12_26_24\Abu Dhabi\Att.2\TC021-INOV-2HGC05BQ012-SU_0.0_Sikla support drawing.pdf,2HGC05BQ012,HGC05,2,HGC
TC021-INOV-2HGL05BQ024-SU_0.0_Sikla support drawing.pdf,C:\temp\rev 0 supports\PIRS Downloaded Files 2025-08-13 12_26_24\Abu Dhabi\Att.2\TC021-INOV-2HGL05BQ024-SU_0.0_Sikla support drawing.pdf,2HGL05BQ024,HGL05,2,HGL
TC021-INOV-2HGX50BQ003-SU_0.0_Sikla support drawing.pdf,C:\temp\rev 0 supports\PIRS Downloaded Files 2025-08-13 12_26_24\Abu Dhabi\Att.2\TC021-INOV-2HGX50BQ003-SU_0.0_Sikla support drawing.pdf,2HGX50BQ003,HGX50,2,HGX
TC021-INOV-2ETN40BQ002-SU_0.0_Sikla support drawing.pdf,C:\temp\rev 0 supports\PIRS Downloaded Files 2025-08-13 12_26_32\Abu Dhabi\Att.2\TC021-INOV-2ETN40BQ002-SU_0.0_Sikla support drawing.pdf,2ETN40BQ002,ETN40,2,ETN
TC021-INOV-2ETX36BQ010-SU_0.0_Sikla support drawing.pdf,C:\temp\rev 0 supports\PIRS Downloaded Files 2025-08-13 12_26_32\Abu Dhabi\Att.2\TC021-INOV-2ETX36BQ010-SU_0.0_Sikla support drawing.pdf,2ETX36BQ010,ETX36,2,ETX
TC021-INOV-1HBK10BQ005-SU_0.0_Sikla support drawing.pdf,C:\temp\rev 0 supports\PIRS Downloaded Files 2025-08-13 12_27_37\Abu Dhabi\Att.2\TC021-INOV-1HBK10BQ005-SU_0.0_Sikla support drawing.pdf,1HBK10BQ005,HBK10,1,HBK
TC021-INOV-1HBX10BQ004-SU_0.0_Sikla support drawing.pdf,C:\temp\rev 0 supports\PIRS Downloaded Files 2025-08-13 12_27_37\Abu Dhabi\Att.2\TC021-INOV-1HBX10BQ004-SU_0.0_Sikla support drawing.pdf,1HBX10BQ004,HBX10,1,HBX
TC021-INOV-1HCC05BQ022-SU_0.0_Sikla support drawing.pdf,C:\temp\rev 0 supports\PIRS Downloaded Files 2025-08-13 12_27_37\Abu Dhabi\Att.2\TC021-INOV-1HCC05BQ022-SU_0.0_Sikla support drawing.pdf,1HCC05BQ022,HCC05,1,HCC
TC021-INOV-2HCW05BQ010-SU_0.0_Sikla support drawing.pdf,C:\temp\rev 0 supports\PIRS Downloaded Files 2025-08-13 12_26_32\Abu Dhabi\Att.2\TC021-INOV-2HCW05BQ010-SU_0.0_Sikla support drawing.pdf,2HCW05BQ010,HCW05,2,HCW
TC021-INOV-2HCX30BQ009-SU_0.0_Sikla support drawing.pdf,C:\temp\rev 0 supports\PIRS Downloaded Files 2025-08-13 12_26_32\Abu Dhabi\Att.2\TC021-INOV-2HCX30BQ009-SU_0.0_Sikla support drawing.pdf,2HCX30BQ009,HCX30,2,HCX
TC021-INOV-1UBA10BQ007-SU_0.0_Sikla support drawing.pdf,C:\temp\rev 0 supports\PIRS Downloaded Files 2025-08-13 12_27_16\Abu Dhabi\Att.2\TC021-INOV-1UBA10BQ007-SU_0.0_Sikla support drawing.pdf,1UBA10BQ007,UBA10,1,UBA
TC021-INOV-0QUH05BQ002-SU_0.0_Sikla support drawing.pdf,C:\temp\rev 0 supports\PIRS Downloaded Files 2025-08-13 12_27_43\Abu Dhabi\Att.2\TC021-INOV-0QUH05BQ002-SU_0.0_Sikla support drawing.pdf,0QUH05BQ002,QUH05,0,QUH
TC021-INOV-0UBN60BQ001-SU_0.0_Sikla support drawing.pdf,C:\temp\rev 0 supports\PIRS Downloaded Files 2025-08-13 12_27_43\Abu Dhabi\Att.2\TC021-INOV-0UBN60BQ001-SU_0.0_Sikla support drawing.pdf,0UBN60BQ001,UBN60,0,UBN
TC021-INOV-0UMX90BQ002-SU_0.0_Sikla support drawing.pdf,C:\temp\rev 0 supports\PIRS Downloaded Files 2025-08-13 12_27_43\Abu Dhabi\Att.2\TC021-INOV-0UMX90BQ002-SU_0.0_Sikla support drawing.pdf,0UMX90BQ002,UMX90,0,UMX
TC021-INOV-0MAN10BQ001-SU_0.0_Sikla support drawing.pdf,C:\temp\rev 0 supports\PIRS Downloaded Files 2025-08-13 12_28_01\Abu Dhabi\Att.2\TC021-INOV-0MAN10BQ001-SU_0.0_Sikla support drawing.pdf,0MAN10BQ001,MAN10,0,MAN
TC021-INOV-0MAX80BQ002-SU_0.0_Sikla support drawing.pdf,C:\temp\rev 0 supports\PIRS Downloaded Files 2025-08-13 12_28_01\Abu Dhabi\Att.2\TC021-INOV-0MAX80BQ002-SU_0.0_Sikla support drawing.pdf,0MAX80BQ002,MAX80,0,MAX
TC021-INOV-0QCA40BQ044-SU_0.0_Sikla support drawing.pdf,C:\temp\rev 0 supports\PIRS Downloaded Files 2025-08-13 12_28_01\Abu Dhabi\Att.2\TC021-INOV-0QCA40BQ044-SU_0.0_Sikla support drawing.pdf,0QCA40BQ044,QCA40,0,QCA
TC021-INOV-0QCX10BQ002-SU_0.0_Sikla support drawing.pdf,C:\temp\rev 0 supports\PIRS Downloaded Files 2025-08-13 12_28_01\Abu Dhabi\Att.2\TC021-INOV-0QCX10BQ002-SU_0.0_Sikla support drawing.pdf,0QCX10BQ002,QCX10,0,QCX
TC021-INOV-0QFA32BQ005-SU_0.0_Sikla support drawing.pdf,C:\temp\rev 0 supports\PIRS Downloaded Files 2025-08-13 12_28_01\Abu Dhabi\Att.2\TC021-INOV-0QFA32BQ005-SU_0.0_Sikla support drawing.pdf,0QFA32BQ005,QFA32,0,QFA
TC021-INOV-0EGD60BQ109-SU_0.0_Sikla support drawing.pdf,C:\temp\rev 0 supports\PIRS Downloaded Files 2025-08-13 12_28_21\Abu Dhabi\Att.2\TC021-INOV-0EGD60BQ109-SU_0.0_Sikla support drawing.pdf,0EGD60BQ109,EGD60,0,EGD
TC021-INOV-0EGX50BQ009-SU_0.0_Sikla support drawing.pdf,C:\temp\rev 0 supports\PIRS Downloaded Files 2025-08-13 12_28_11\Abu Dhabi\Att.2\TC021-INOV-0EGX50BQ009-SU_0.0_Sikla support drawing.pdf,0EGX50BQ009,EGX50,0,EGX
TC021-INOV-0ETA20BQ003-SU_0.0_Sikla support drawing.pdf,C:\temp\rev 0 supports\PIRS Downloaded Files 2025-08-13 12_28_11\Abu Dhabi\Att.2\TC021-INOV-0ETA20BQ003-SU_0.0_Sikla support drawing.pdf,0ETA20BQ003,ETA20,0,ETA
TC021-INOV-0GAC05BQ030-SU_0.0_Sikla support drawing.pdf,C:\temp\rev 0 supports\PIRS Downloaded Files 2025-08-13 12_28_11\Abu Dhabi\Att.2\TC021-INOV-0GAC05BQ030-SU_0.0_Sikla support drawing.pdf,0GAC05BQ030,GAC05,0,GAC
TC021-INOV-0GCX55BQ016-SU_0.0_Sikla support drawing.pdf,C:\temp\rev 0 supports\PIRS Downloaded Files 2025-08-13 12_28_11\Abu Dhabi\Att.2\TC021-INOV-0GCX55BQ016-SU_0.0_Sikla support drawing.pdf,0GCX55BQ016,GCX55,0,GCX
TC021-INOV-0GHA20BQ055-SU_0.0_Sikla support drawing.pdf,C:\temp\rev 0 supports\PIRS Downloaded Files 2025-08-13 12_28_11\Abu Dhabi\Att.2\TC021-INOV-0GHA20BQ055-SU_0.0_Sikla support drawing.pdf,0GHA20BQ055,GHA20,0,GHA
TC021-INOV-0GHX50BQ002-SU_0.0_Sikla support drawing.pdf,C:\temp\rev 0 supports\PIRS Downloaded Files 2025-08-13 12_28_11\Abu Dhabi\Att.2\TC021-INOV-0GHX50BQ002-SU_0.0_Sikla support drawing.pdf,0GHX50BQ002,GHX50,0,GHX
TC021-INOV-0GKB10BQ005-SU_0.0_Sikla support drawing.pdf,C:\temp\rev 0 supports\PIRS Downloaded Files 2025-08-13 12_28_11\Abu Dhabi\Att.2\TC021-INOV-0GKB10BQ005-SU_0.0_Sikla support drawing.pdf,0GKB10BQ005,GKB10,0,GKB
TC021-INOV-0GKX50BQ005-SU_0.0_Sikla support drawing.pdf,C:\temp\rev 0 supports\PIRS Downloaded Files 2025-08-13 12_28_11\Abu Dhabi\Att.2\TC021-INOV-0GKX50BQ005-SU_0.0_Sikla support drawing.pdf,0GKX50BQ005,GKX50,0,GKX
TC021-INOV-0GMA84BQ017-SU_0.0_Sikla support drawing.pdf,C:\temp\rev 0 supports\PIRS Downloaded Files 2025-08-13 12_28_11\Abu Dhabi\Att.2\TC021-INOV-0GMA84BQ017-SU_0.0_Sikla support drawing.pdf,0GMA84BQ017,GMA84,0,GMA
TC021-INOV-0HRX50BQ001-SU_0.0_Sikla support drawing.pdf,C:\temp\rev 0 supports\PIRS Downloaded Files 2025-08-13 12_28_11\Abu Dhabi\Att.2\TC021-INOV-0HRX50BQ001-SU_0.0_Sikla support drawing.pdf,0HRX50BQ001,HRX50,0,HRX
TC021-INOV-0HTK10BQ006-SU_0.0_Sikla support drawing.pdf,C:\temp\rev 0 supports\PIRS Downloaded Files 2025-08-13 12_28_11\Abu Dhabi\Att.2\TC021-INOV-0HTK10BQ006-SU_0.0_Sikla support drawing.pdf,0HTK10BQ006,HTK10,0,HTK
MB050-INOV-SUT9001_0.0_Typical Support Drawing.pdf,C:\temp\rev 0 supports\PIRS Downloaded Files 2025-08-13 12_28_21\Abu Dhabi\Att.2\MB050-INOV-SUT9001_0.0_Typical Support Drawing.pdf,,,,
TC021-INOV-0CFX50BQ005-SU_0.0_Sikla support drawing.pdf,C:\temp\rev 0 supports\PIRS Downloaded Files 2025-08-13 12_28_21\Abu Dhabi\Att.2\TC021-INOV-0CFX50BQ005-SU_0.0_Sikla support drawing.pdf,0CFX50BQ005,CFX50,0,CFX
TC021-INOV-0EAX30BQ013-SU_0.0_Sikla support drawing.pdf,C:\temp\rev 0 supports\PIRS Downloaded Files 2025-08-13 12_28_21\Abu Dhabi\Att.2\TC021-INOV-0EAX30BQ013-SU_0.0_Sikla support drawing.pdf,0EAX30BQ013,EAX30,0,EAX
TC021-INOV-0EGA10BQ003-SU_0.0_Sikla support drawing.pdf,C:\temp\rev 0 supports\PIRS Downloaded Files 2025-08-13 12_28_21\Abu Dhabi\Att.2\TC021-INOV-0EGA10BQ003-SU_0.0_Sikla support drawing.pdf,0EGA10BQ003,EGA10,0,EGA
TC021-INOV-0EGB12BQ002-SU_0.0_Sikla support drawing.pdf,C:\temp\rev 0 supports\PIRS Downloaded Files 2025-08-13 12_28_21\Abu Dhabi\Att.2\TC021-INOV-0EGB12BQ002-SU_0.0_Sikla support drawing.pdf,0EGB12BQ002,EGB12,0,EGB
TC021-INOV-0EGC02BQ001-SU_0.0_Sikla support drawing.pdf,C:\temp\rev 0 supports\PIRS Downloaded Files 2025-08-13 12_28_21\Abu Dhabi\Att.2\TC021-INOV-0EGC02BQ001-SU_0.0_Sikla support drawing.pdf,0EGC02BQ001,EGC02,0,EGC
